{
    "INTERPOLATION_ALPHA": 1.0,
    "accepted": true,
    "base_channel": 0,
    "class_idx": 9,
    "exp-confidence": 0.999800980091095,
    "force_fp32": false,
    "img_normalize": true,
    "img_scale_db": 0,
    "input_transform": null,
    "layer_name": null,
    "mixclass_idx": null,
    "noise_mode": "random",
    "patch_idxs": null,
    "predictions": [
        4.187030299362959e-06,
        0.00019078741024713963,
        5.616574298983323e-07,
        5.357900931812765e-07,
        9.881155449420476e-08,
        5.712780080102675e-07,
        1.2691974404788198e-07,
        9.026256293509505e-07,
        1.2243566516190185e-06,
        0.999800980091095
    ],
    "random_seed": 0,
    "sel_channels": 3,
    "stylemix_idx": [],
    "stylemix_seed": null,
    "to_pil": true,
    "trunc_cutoff": null,
    "trunc_psi": 1.0,
    "untransform": false,
    "w0_seeds": [
        [
            191,
            1.0
        ]
    ],
    "w_load": null
}