{
    "INTERPOLATION_ALPHA": 1.0,
    "accepted": false,
    "base_channel": 0,
    "class_idx": 9,
    "exp-confidence": 0.12138532102108002,
    "fault_pred": 1,
    "force_fp32": false,
    "img_normalize": true,
    "img_scale_db": 0,
    "input_transform": null,
    "layer_name": null,
    "mixclass_idx": null,
    "noise_mode": "random",
    "patch_idxs": null,
    "predictions": [
        0.0001969651348190382,
        0.8781072497367859,
        6.923922228452284e-06,
        0.0001419722248101607,
        7.14131658696715e-07,
        4.4189517211634666e-05,
        2.671212541827117e-06,
        2.9886494303354993e-05,
        8.405817789025605e-05,
        0.12138532102108002
    ],
    "random_seed": 0,
    "sel_channels": 3,
    "stylemix_idx": [],
    "stylemix_seed": null,
    "to_pil": true,
    "trunc_cutoff": null,
    "trunc_psi": 0.7499999999999999,
    "untransform": false,
    "w0_seeds": [
        [
            138,
            1.0
        ]
    ],
    "w_load": null
}