{
    "INTERPOLATION_ALPHA": 1.0,
    "accepted": true,
    "base_channel": 0,
    "class_idx": 9,
    "exp-confidence": 0.9107189774513245,
    "force_fp32": false,
    "img_normalize": true,
    "img_scale_db": 0,
    "input_transform": null,
    "layer_name": null,
    "mixclass_idx": null,
    "noise_mode": "random",
    "patch_idxs": null,
    "predictions": [
        6.121874321252108e-05,
        0.08916398882865906,
        3.60358126272331e-06,
        4.081002316524973e-06,
        7.471790013369173e-07,
        2.5493145585642196e-06,
        9.065170729627425e-07,
        4.635375717043644e-06,
        3.936185748898424e-05,
        0.9107189774513245
    ],
    "random_seed": 0,
    "sel_channels": 3,
    "stylemix_idx": [],
    "stylemix_seed": null,
    "to_pil": true,
    "trunc_cutoff": null,
    "trunc_psi": 1.0,
    "untransform": false,
    "w0_seeds": [
        [
            536,
            1.0
        ]
    ],
    "w_load": null
}